<BackupInst xmlns="http://www.microsoft.com/GroupPolicy/GPOOperations/Manifest"><GPOGuid><![CDATA[{AB3CBE0E-7C33-4967-8A05-EBE9351439C5}]]></GPOGuid><GPODomain><![CDATA[TEST.CONTOSO.COM]]></GPODomain><GPODomainGuid><![CDATA[{c4f44f33-eac9-427f-a363-ae70d7651d58}]]></GPODomainGuid><GPODomainController><![CDATA[TEST22DC01.TEST.CONTOSO.COM]]></GPODomainController><BackupTime><![CDATA[2024-09-14T03:45:18]]></BackupTime><ID><![CDATA[{8CB77D0F-051B-48E4-9ABD-4383C5E27577}]]></ID><Comment><![CDATA[]]></Comment><GPODisplayName><![CDATA[zTEMPLATE-SERVERS-USER-RIGHTS]]></GPODisplayName></BackupInst>
